<?xml version="1.0" encoding="UTF-8" ?>
<!DOCTYPE mapper
        PUBLIC "-//mybatis.org//DTD Mapper 3.0//EN"
        "http://mybatis.org/dtd/mybatis-3-mapper.dtd">
<mapper namespace="com.nhnacademy.springmvcboard.mapper.PostMapper" >

    <insert id="register" parameterType="com.nhnacademy.springmvcboard.domain.Post">
        insert into post set
                        title=#{title},
                        content=#{content},
                        writer_user_id=#{writerUserId},
                        write_time= now(),
                        view_count=#{viewCount}
        <selectKey keyProperty="postId" resultType="Long">
            select last_insert_id()
        </selectKey>
    </insert>

    <update id="modify">
        update post set
                        title=#{title},
                        content=#{content},
                        writer_user_id=#{writerUserId},
                        write_time= now(),
                        view_count=#{viewCount}
        where post_id=#{postId}
    </update>

    <delete id="delete" parameterType="long">
        delete from post
        where post_id=#{id}
    </delete>

    <select id="exitsById" resultType="java.lang.Boolean">
        select count(*)
        from post
        where post_id=#{id}
    </select>
    <select id="getPostById" resultType="com.nhnacademy.springmvcboard.domain.Post">
        SELECT *
        from post
        where post_id=#{id}
    </select>
    <select id="getPosts" resultType="com.nhnacademy.springmvcboard.domain.Post">
        select *
        from posts
    </select>
</mapper>