[{"userId":"user1","userPassword":"pwd1","userName":"아카데미1","profileFileName":null,"profileFile":null,"createdAt":"2023-04-23:22-03-09"},{"userId":"user2","userPassword":"pwd2","userName":"아카데미2","profileFileName":null,"profileFile":null,"createdAt":"2023-04-23:22-03-09"},{"userId":"user3","userPassword":"pwd3","userName":"아카데미3","profileFileName":null,"profileFile":null,"createdAt":"2023-04-23:22-03-09"},{"userId":"user4","userPassword":"pwd4","userName":"아카데미4","profileFileName":null,"profileFile":null,"createdAt":"2023-04-23:22-03-09"},{"userId":"user5","userPassword":"pwd5","userName":"아카데미5","profileFileName":null,"profileFile":null,"createdAt":"2023-04-23:22-03-09"},{"userId":"user6","userPassword":"pwd6","userName":"아카데미6","profileFileName":null,"profileFile":null,"createdAt":"2023-04-23:22-03-09"},{"userId":"user7","userPassword":"pwd7","userName":"아카데미7","profileFileName":null,"profileFile":null,"createdAt":"2023-04-23:22-03-09"},{"userId":"user8","userPassword":"pwd8","userName":"아카데미8","profileFileName":null,"profileFile":null,"createdAt":"2023-04-23:22-03-09"},{"userId":"user9","userPassword":"pwd9","userName":"아카데미9","profileFileName":null,"profileFile":null,"createdAt":"2023-04-23:22-03-09"},{"userId":"user10","userPassword":"pwd10","userName":"아카데미10","profileFileName":null,"profileFile":null,"createdAt":"2023-04-23:22-03-09"},{"userId":"user11","userPassword":"pwd11","userName":"아카데미11","profileFileName":null,"profileFile":null,"createdAt":"2023-04-23:22-03-09"},{"userId":"user12","userPassword":"pwd12","userName":"아카데미12","profileFileName":null,"profileFile":null,"createdAt":"2023-04-23:22-03-09"},{"userId":"user13","userPassword":"pwd13","userName":"아카데미13","profileFileName":null,"profileFile":null,"createdAt":"2023-04-23:22-03-09"},{"userId":"user14","userPassword":"pwd14","userName":"아카데미14","profileFileName":null,"profileFile":null,"createdAt":"2023-04-23:22-03-09"},{"userId":"user15","userPassword":"pwd15","userName":"아카데미15","profileFileName":null,"profileFile":null,"createdAt":"2023-04-23:22-03-09"},{"userId":"user16","userPassword":"pwd16","userName":"아카데미16","profileFileName":null,"profileFile":null,"createdAt":"2023-04-23:22-03-09"},{"userId":"user17","userPassword":"pwd17","userName":"아카데미17","profileFileName":null,"profileFile":null,"createdAt":"2023-04-23:22-03-09"},{"userId":"user18","userPassword":"pwd18","userName":"아카데미18","profileFileName":null,"profileFile":null,"createdAt":"2023-04-23:22-03-09"},{"userId":"user19","userPassword":"pwd19","userName":"아카데미19","profileFileName":null,"profileFile":null,"createdAt":"2023-04-23:22-03-09"},{"userId":"user20","userPassword":"pwd20","userName":"아카데미20","profileFileName":null,"profileFile":null,"createdAt":"2023-04-23:22-03-09"},{"userId":"user21","userPassword":"pwd21","userName":"아카데미21","profileFileName":null,"profileFile":null,"createdAt":"2023-04-23:22-03-09"},{"userId":"user22","userPassword":"pwd22","userName":"아카데미22","profileFileName":null,"profileFile":null,"createdAt":"2023-04-23:22-03-09"},{"userId":"user23","userPassword":"pwd23","userName":"아카데미23","profileFileName":null,"profileFile":null,"createdAt":"2023-04-23:22-03-09"},{"userId":"user24","userPassword":"pwd24","userName":"아카데미24","profileFileName":null,"profileFile":null,"createdAt":"2023-04-23:22-03-09"},{"userId":"user25","userPassword":"pwd25","userName":"아카데미25","profileFileName":null,"profileFile":null,"createdAt":"2023-04-23:22-03-09"},{"userId":"user26","userPassword":"pwd26","userName":"아카데미26","profileFileName":null,"profileFile":null,"createdAt":"2023-04-23:22-03-09"},{"userId":"user27","userPassword":"pwd27","userName":"아카데미27","profileFileName":null,"profileFile":null,"createdAt":"2023-04-23:22-03-09"},{"userId":"user28","userPassword":"pwd28","userName":"아카데미28","profileFileName":null,"profileFile":null,"createdAt":"2023-04-23:22-03-09"},{"userId":"user29","userPassword":"pwd29","userName":"아카데미29","profileFileName":null,"profileFile":null,"createdAt":"2023-04-23:22-03-09"},{"userId":"user30","userPassword":"pwd30","userName":"아카데미30","profileFileName":null,"profileFile":null,"createdAt":"2023-04-23:22-03-09"},{"userId":"user31","userPassword":"pwd31","userName":"아카데미31","profileFileName":null,"profileFile":null,"createdAt":"2023-04-23:22-03-09"},{"userId":"user32","userPassword":"pwd32","userName":"아카데미32","profileFileName":null,"profileFile":null,"createdAt":"2023-04-23:22-03-09"},{"userId":"user33","userPassword":"pwd33","userName":"아카데미33","profileFileName":null,"profileFile":null,"createdAt":"2023-04-23:22-03-09"},{"userId":"user34","userPassword":"pwd34","userName":"아카데미34","profileFileName":null,"profileFile":null,"createdAt":"2023-04-23:22-03-09"},{"userId":"user35","userPassword":"pwd35","userName":"아카데미35","profileFileName":null,"profileFile":null,"createdAt":"2023-04-23:22-03-09"},{"userId":"user36","userPassword":"pwd36","userName":"아카데미36","profileFileName":null,"profileFile":null,"createdAt":"2023-04-23:22-03-09"},{"userId":"user37","userPassword":"pwd37","userName":"아카데미37","profileFileName":null,"profileFile":null,"createdAt":"2023-04-23:22-03-09"},{"userId":"user38","userPassword":"pwd38","userName":"아카데미38","profileFileName":null,"profileFile":null,"createdAt":"2023-04-23:22-03-09"},{"userId":"user39","userPassword":"pwd39","userName":"아카데미39","profileFileName":null,"profileFile":null,"createdAt":"2023-04-23:22-03-09"},{"userId":"user40","userPassword":"pwd40","userName":"아카데미40","profileFileName":null,"profileFile":null,"createdAt":"2023-04-23:22-03-09"},{"userId":"user41","userPassword":"pwd41","userName":"아카데미41","profileFileName":null,"profileFile":null,"createdAt":"2023-04-23:22-03-09"},{"userId":"user42","userPassword":"pwd42","userName":"아카데미42","profileFileName":null,"profileFile":null,"createdAt":"2023-04-23:22-03-09"},{"userId":"user43","userPassword":"pwd43","userName":"아카데미43","profileFileName":null,"profileFile":null,"createdAt":"2023-04-23:22-03-09"},{"userId":"user44","userPassword":"pwd44","userName":"아카데미44","profileFileName":null,"profileFile":null,"createdAt":"2023-04-23:22-03-09"},{"userId":"user45","userPassword":"pwd45","userName":"아카데미45","profileFileName":null,"profileFile":null,"createdAt":"2023-04-23:22-03-09"},{"userId":"user46","userPassword":"pwd46","userName":"아카데미46","profileFileName":null,"profileFile":null,"createdAt":"2023-04-23:22-03-09"},{"userId":"user47","userPassword":"pwd47","userName":"아카데미47","profileFileName":null,"profileFile":null,"createdAt":"2023-04-23:22-03-09"},{"userId":"user48","userPassword":"pwd48","userName":"아카데미48","profileFileName":null,"profileFile":null,"createdAt":"2023-04-23:22-03-09"},{"userId":"user49","userPassword":"pwd49","userName":"아카데미49","profileFileName":null,"profileFile":null,"createdAt":"2023-04-23:22-03-09"},{"userId":"user50","userPassword":"pwd50","userName":"아카데미50","profileFileName":null,"profileFile":null,"createdAt":"2023-04-23:22-03-09"},{"userId":"user51","userPassword":"pwd51","userName":"아카데미51","profileFileName":null,"profileFile":null,"createdAt":"2023-04-23:22-03-09"},{"userId":"user52","userPassword":"pwd52","userName":"아카데미52","profileFileName":null,"profileFile":null,"createdAt":"2023-04-23:22-03-09"},{"userId":"user53","userPassword":"pwd53","userName":"아카데미53","profileFileName":null,"profileFile":null,"createdAt":"2023-04-23:22-03-09"},{"userId":"user54","userPassword":"pwd54","userName":"아카데미54","profileFileName":null,"profileFile":null,"createdAt":"2023-04-23:22-03-09"},{"userId":"user55","userPassword":"pwd55","userName":"아카데미55","profileFileName":null,"profileFile":null,"createdAt":"2023-04-23:22-03-09"},{"userId":"user56","userPassword":"pwd56","userName":"아카데미56","profileFileName":null,"profileFile":null,"createdAt":"2023-04-23:22-03-09"},{"userId":"user57","userPassword":"pwd57","userName":"아카데미57","profileFileName":null,"profileFile":null,"createdAt":"2023-04-23:22-03-09"},{"userId":"user58","userPassword":"pwd58","userName":"아카데미58","profileFileName":null,"profileFile":null,"createdAt":"2023-04-23:22-03-09"},{"userId":"user59","userPassword":"pwd59","userName":"아카데미59","profileFileName":null,"profileFile":null,"createdAt":"2023-04-23:22-03-09"},{"userId":"user60","userPassword":"pwd60","userName":"아카데미60","profileFileName":null,"profileFile":null,"createdAt":"2023-04-23:22-03-09"},{"userId":"user61","userPassword":"pwd61","userName":"아카데미61","profileFileName":null,"profileFile":null,"createdAt":"2023-04-23:22-03-09"},{"userId":"user62","userPassword":"pwd62","userName":"아카데미62","profileFileName":null,"profileFile":null,"createdAt":"2023-04-23:22-03-09"},{"userId":"user63","userPassword":"pwd63","userName":"아카데미63","profileFileName":null,"profileFile":null,"createdAt":"2023-04-23:22-03-09"},{"userId":"user64","userPassword":"pwd64","userName":"아카데미64","profileFileName":null,"profileFile":null,"createdAt":"2023-04-23:22-03-09"},{"userId":"user65","userPassword":"pwd65","userName":"아카데미65","profileFileName":null,"profileFile":null,"createdAt":"2023-04-23:22-03-09"},{"userId":"user66","userPassword":"pwd66","userName":"아카데미66","profileFileName":null,"profileFile":null,"createdAt":"2023-04-23:22-03-09"},{"userId":"user67","userPassword":"pwd67","userName":"아카데미67","profileFileName":null,"profileFile":null,"createdAt":"2023-04-23:22-03-09"},{"userId":"user68","userPassword":"pwd68","userName":"아카데미68","profileFileName":null,"profileFile":null,"createdAt":"2023-04-23:22-03-09"},{"userId":"user69","userPassword":"pwd69","userName":"아카데미69","profileFileName":null,"profileFile":null,"createdAt":"2023-04-23:22-03-09"},{"userId":"user70","userPassword":"pwd70","userName":"아카데미70","profileFileName":null,"profileFile":null,"createdAt":"2023-04-23:22-03-09"},{"userId":"user71","userPassword":"pwd71","userName":"아카데미71","profileFileName":null,"profileFile":null,"createdAt":"2023-04-23:22-03-09"},{"userId":"user72","userPassword":"pwd72","userName":"아카데미72","profileFileName":null,"profileFile":null,"createdAt":"2023-04-23:22-03-09"},{"userId":"user73","userPassword":"pwd73","userName":"아카데미73","profileFileName":null,"profileFile":null,"createdAt":"2023-04-23:22-03-09"},{"userId":"user74","userPassword":"pwd74","userName":"아카데미74","profileFileName":null,"profileFile":null,"createdAt":"2023-04-23:22-03-09"},{"userId":"user75","userPassword":"pwd75","userName":"아카데미75","profileFileName":null,"profileFile":null,"createdAt":"2023-04-23:22-03-09"},{"userId":"user76","userPassword":"pwd76","userName":"아카데미76","profileFileName":null,"profileFile":null,"createdAt":"2023-04-23:22-03-09"},{"userId":"user77","userPassword":"pwd77","userName":"아카데미77","profileFileName":null,"profileFile":null,"createdAt":"2023-04-23:22-03-09"},{"userId":"user78","userPassword":"pwd78","userName":"아카데미78","profileFileName":null,"profileFile":null,"createdAt":"2023-04-23:22-03-09"},{"userId":"user79","userPassword":"pwd79","userName":"아카데미79","profileFileName":null,"profileFile":null,"createdAt":"2023-04-23:22-03-09"},{"userId":"user80","userPassword":"pwd80","userName":"아카데미80","profileFileName":null,"profileFile":null,"createdAt":"2023-04-23:22-03-09"},{"userId":"user81","userPassword":"pwd81","userName":"아카데미81","profileFileName":null,"profileFile":null,"createdAt":"2023-04-23:22-03-09"},{"userId":"user82","userPassword":"pwd82","userName":"아카데미82","profileFileName":null,"profileFile":null,"createdAt":"2023-04-23:22-03-09"},{"userId":"user83","userPassword":"pwd83","userName":"아카데미83","profileFileName":null,"profileFile":null,"createdAt":"2023-04-23:22-03-09"},{"userId":"user84","userPassword":"pwd84","userName":"아카데미84","profileFileName":null,"profileFile":null,"createdAt":"2023-04-23:22-03-09"},{"userId":"user85","userPassword":"pwd85","userName":"아카데미85","profileFileName":null,"profileFile":null,"createdAt":"2023-04-23:22-03-09"},{"userId":"user86","userPassword":"pwd86","userName":"아카데미86","profileFileName":null,"profileFile":null,"createdAt":"2023-04-23:22-03-09"},{"userId":"user87","userPassword":"pwd87","userName":"아카데미87","profileFileName":null,"profileFile":null,"createdAt":"2023-04-23:22-03-09"},{"userId":"user88","userPassword":"pwd88","userName":"아카데미88","profileFileName":null,"profileFile":null,"createdAt":"2023-04-23:22-03-09"},{"userId":"user89","userPassword":"pwd89","userName":"아카데미89","profileFileName":null,"profileFile":null,"createdAt":"2023-04-23:22-03-09"},{"userId":"user90","userPassword":"pwd90","userName":"아카데미90","profileFileName":null,"profileFile":null,"createdAt":"2023-04-23:22-03-09"},{"userId":"user91","userPassword":"pwd91","userName":"아카데미91","profileFileName":null,"profileFile":null,"createdAt":"2023-04-23:22-03-09"},{"userId":"user92","userPassword":"pwd92","userName":"아카데미92","profileFileName":null,"profileFile":null,"createdAt":"2023-04-23:22-03-09"},{"userId":"user93","userPassword":"pwd93","userName":"아카데미93","profileFileName":null,"profileFile":null,"createdAt":"2023-04-23:22-03-09"},{"userId":"user94","userPassword":"pwd94","userName":"아카데미94","profileFileName":null,"profileFile":null,"createdAt":"2023-04-23:22-03-09"},{"userId":"user95","userPassword":"pwd95","userName":"아카데미95","profileFileName":null,"profileFile":null,"createdAt":"2023-04-23:22-03-09"},{"userId":"user96","userPassword":"pwd96","userName":"아카데미96","profileFileName":null,"profileFile":null,"createdAt":"2023-04-23:22-03-09"},{"userId":"user97","userPassword":"pwd97","userName":"아카데미97","profileFileName":null,"profileFile":null,"createdAt":"2023-04-23:22-03-09"},{"userId":"user98","userPassword":"pwd98","userName":"아카데미98","profileFileName":null,"profileFile":null,"createdAt":"2023-04-23:22-03-09"},{"userId":"user99","userPassword":"pwd99","userName":"아카데미99","profileFileName":null,"profileFile":null,"createdAt":"2023-04-23:22-03-09"},{"userId":"user100","userPassword":"pwd100","userName":"아카데미100","profileFileName":null,"profileFile":null,"createdAt":"2023-04-23:22-03-09"}]