<?xml version="1.0" encoding="UTF-8" ?>
<!DOCTYPE mapper
        PUBLIC "-//mybatis.org//DTD Mapper 3.0//EN"
        "http://mybatis.org/dtd/mybatis-3-mapper.dtd">
<mapper namespace="com.nhnacademy.todo.mapper.EventMapper" >

    <insert id="save" parameterType="com.nhnacademy.todo.domain.Event">
        insert into event set
                              user_id=#{userId},
                              subject=#{subject},
                              event_at=#{eventAt},
                              created_at=now()
        <selectKey keyProperty="id" resultType="Long">
            select last_insert_id()
        </selectKey>
    </insert>

    <update id="update" parameterType="com.nhnacademy.todo.domain.Event">
        update event set
        subject=#{subject},
        event_at=#{eventAt}
        where id=#{id}
    </update>

    <delete id="deleteOne" parameterType="long">
        delete from event
        where id = #{eventId}
    </delete>
    <delete id="deleteEventByDaily" parameterType="java.time.LocalDate">
        delete from event
        where event_at = #{eventAt}
    </delete>

    <select id="getEvent" resultType="com.nhnacademy.todo.domain.Event">
        select user_id, subject, event_at, created_at
        from event
        where id=#{eventId}
    </select>
    <select id="getDailyRegisterCount" resultType="com.nhnacademy.todo.dto.DailyRegisterCountResponseDto">
        SELECT COUNT(*) FROM event
        Where event_at = #{targetDate}
    </select>
    <select id="getEventListByMonthly" resultType="com.nhnacademy.todo.dto.EventDto">
        select subject, id, event_at, created_at
        from event
        where YEAR(event_at) = #{year}
        AND MONTH(event_at) = #{month}
    </select>
    <select id="getEventListByDaily" resultType="com.nhnacademy.todo.dto.EventDto">
        select subject, id, event_at, created_at
        from event
        where YEAR(event_at) = #{year}
            AND MONTH(event_at) = #{month}
            AND DAY(event_at) = #{day}
    </select>
</mapper>